epoch,time,train/box_loss,train/cls_loss,train/dfl_loss,metrics/precision(B),metrics/recall(B),metrics/mAP50(B),metrics/mAP50-95(B),val/box_loss,val/cls_loss,val/dfl_loss,lr/pg0,lr/pg1,lr/pg2
1,4.96565,2.28562,4.25384,2.41874,0.00023,0.1221,0.00038,8e-05,3.87778,3.77023,4.94704,0.0901,0.0011,0.0011
2,8.52912,2.61326,3.88241,2.64488,0.14525,0.01813,0.00171,0.00041,3.23113,45.0947,32.5411,0.0792886,0.00228861,0.00228861
3,12.1752,2.56693,3.89466,2.63198,0.00029,0.18425,0.00041,0.00013,4.47883,inf,679.834,0.0684654,0.00346535,0.00346535
4,22.3582,2.66797,3.98225,2.71852,0,0,0,0,nan,nan,nan,0.0576302,0.0046302,0.0046302
5,31.1656,2.61869,3.87543,2.66563,0,0,0,0,nan,nan,nan,0.0467832,0.00578318,0.00578318
6,39.808,2.5126,3.86838,2.67433,0,0,0,0,4.33918,inf,2105.87,0.0359243,0.00692427,0.00692427
7,44.546,2.51458,3.82546,2.6532,2e-05,0.025,2e-05,0,3.99413,inf,161.725,0.0250535,0.00805349,0.00805349
8,47.6767,2.45645,3.80151,2.62926,0,0,0,0,0,0.09269,0,0.0141708,0.00917082,0.00917082
9,51.2959,2.44247,3.73726,2.55543,6e-05,0.03242,4e-05,1e-05,3.25989,inf,602.818,0.009604,0.009604,0.009604
10,54.9871,2.44011,3.63451,2.56999,0,0,0,0,5.19999,inf,165.828,0.0095545,0.0095545,0.0095545
11,58.6297,2.33215,3.69537,2.53599,0,0,0,0,4.76022,inf,101.504,0.009505,0.009505,0.009505
12,62.4452,2.4014,3.68163,2.55208,0,0,0,0,5.17123,inf,355.197,0.0094555,0.0094555,0.0094555
13,66.8312,2.34608,3.63878,2.50944,0,0,0,0,5.71233,inf,833.241,0.009406,0.009406,0.009406
14,70.474,2.318,3.63274,2.50071,0,0,0,0,4.98335,inf,145.228,0.0093565,0.0093565,0.0093565
15,74.0816,2.34934,3.67389,2.50403,0.28854,0.00454,0.0003,8e-05,4.16234,128.59,13.827,0.009307,0.009307,0.009307
16,77.8521,2.34888,3.61619,2.54941,0.00086,0.02031,0.00042,6e-05,3.65911,inf,5.87509,0.0092575,0.0092575,0.0092575
17,81.931,2.27839,3.5513,2.41214,0.28981,0.00357,0.0012,0.0003,3.18237,inf,4.12445,0.009208,0.009208,0.009208
18,85.8805,2.24047,3.4917,2.46156,0.14342,0.01944,0.00021,7e-05,2.90832,151.53,3.7163,0.0091585,0.0091585,0.0091585
19,89.3154,2.19753,3.56206,2.44636,0.57173,0.00227,0.00016,3e-05,3.61851,27.8239,4.97335,0.009109,0.009109,0.009109
20,92.7372,2.19261,3.43182,2.43735,0.28609,0.01944,0.00069,0.0002,3.5323,5.96623,4.5037,0.0090595,0.0090595,0.0090595
21,96.1606,2.24256,3.50121,2.46837,0.58714,0.00907,0.00555,0.00172,2.99503,5.87229,3.62819,0.00901,0.00901,0.00901
22,99.6943,2.18494,3.3716,2.40964,0.58035,0.0068,0.00373,0.00112,2.86628,10.1745,3.84666,0.0089605,0.0089605,0.0089605
23,103.144,2.19587,3.46156,2.43292,0.28944,0.06576,0.00686,0.00196,2.66679,5.51847,3.75791,0.008911,0.008911,0.008911
24,106.648,2.17604,3.52203,2.43392,0.53302,0.09654,0.01162,0.00355,2.64757,5.60938,3.28224,0.0088615,0.0088615,0.0088615
25,110.147,2.18913,3.51728,2.42771,0.58366,0.0292,0.01389,0.00303,2.83209,7.07822,3.35331,0.008812,0.008812,0.008812
26,113.562,2.24582,3.40078,2.42413,0.59749,0.02143,0.01566,0.00397,2.59344,5.00085,2.93489,0.0087625,0.0087625,0.0087625
27,117.064,2.15081,3.53608,2.41024,0.15636,0.14569,0.0102,0.003,2.47827,6.45529,2.952,0.008713,0.008713,0.008713
28,120.588,2.16072,3.47821,2.349,0.30217,0.0322,0.01868,0.00484,2.52616,14.024,3.07414,0.0086635,0.0086635,0.0086635
29,124.082,2.10998,3.3992,2.34946,0.45995,0.08372,0.03387,0.00856,2.39647,4.54192,2.94303,0.008614,0.008614,0.008614
30,127.526,2.17734,3.44718,2.43877,0.33116,0.0712,0.01845,0.00551,2.53228,4.27679,3.03827,0.0085645,0.0085645,0.0085645
31,130.93,2.15145,3.28547,2.39712,0.58375,0.02143,0.01899,0.00636,2.57284,4.5525,3.18477,0.008515,0.008515,0.008515
32,134.327,2.15302,3.31815,2.36996,0.46128,0.04014,0.01071,0.00257,2.83859,3.82577,3.43348,0.0084655,0.0084655,0.0084655
33,137.741,2.10716,3.34602,2.35042,0.50976,0.01264,0.02329,0.00658,2.65174,3.8434,3.0691,0.008416,0.008416,0.008416
34,141.153,2.19529,3.33366,2.42688,0.672,0.06967,0.06036,0.0172,2.40296,3.30602,2.87561,0.0083665,0.0083665,0.0083665
35,144.976,2.14899,3.20693,2.3707,0.4526,0.05448,0.02113,0.00697,2.35191,3.72063,2.90366,0.008317,0.008317,0.008317
36,148.371,2.16035,3.34091,2.39727,0.7272,0.01071,0.00963,0.00336,2.25059,3.96804,2.80552,0.0082675,0.0082675,0.0082675
37,151.774,2.15168,3.24885,2.37564,0.3537,0.0629,0.02991,0.01042,2.49824,4.02923,2.90377,0.008218,0.008218,0.008218
38,155.188,2.12685,3.20011,2.34395,0.60389,0.06688,0.0269,0.00668,2.45865,4.36148,2.78927,0.0081685,0.0081685,0.0081685
39,158.578,2.02744,3.11884,2.27204,0.63595,0.07948,0.0494,0.01476,2.30972,4.3641,2.73643,0.008119,0.008119,0.008119
40,161.972,2.14445,3.20163,2.35079,0.36942,0.1653,0.06388,0.01997,2.3344,3.54164,2.8283,0.0080695,0.0080695,0.0080695
41,165.386,2.11864,3.13212,2.32657,0.57898,0.06037,0.06796,0.02175,2.32213,4.03504,2.78922,0.00802,0.00802,0.00802
42,168.864,2.03754,3.0289,2.26029,0.75268,0.04834,0.05672,0.01684,2.21957,5.51879,2.65313,0.0079705,0.0079705,0.0079705
43,172.283,2.0436,3.10204,2.26371,0.62856,0.0551,0.06597,0.02106,2.20695,4.23214,2.61051,0.007921,0.007921,0.007921
44,175.691,1.98571,3.00828,2.23559,0.48865,0.15124,0.13071,0.04429,2.18033,4.12483,2.5799,0.0078715,0.0078715,0.0078715
45,179.113,2.02746,3.10609,2.2826,0.53231,0.12202,0.09566,0.03504,2.1711,3.64523,2.629,0.007822,0.007822,0.007822
46,182.499,2.08699,3.05552,2.30642,0.54266,0.16412,0.10716,0.03644,2.22472,3.31295,2.69005,0.0077725,0.0077725,0.0077725
47,185.888,2.08887,2.9595,2.27917,0.77098,0.05215,0.08557,0.02843,2.22474,3.16154,2.68297,0.007723,0.007723,0.007723
48,189.25,2.14617,3.08315,2.30673,0.32909,0.16266,0.08767,0.02662,2.29374,3.11671,2.70555,0.0076735,0.0076735,0.0076735
49,192.627,2.03525,2.98835,2.23715,0.48777,0.21485,0.0651,0.02298,2.22923,3.41755,2.67433,0.007624,0.007624,0.007624
50,196.057,2.07824,3.03911,2.25271,0.64452,0.08622,0.08366,0.02625,2.13713,2.9869,2.56194,0.0075745,0.0075745,0.0075745
51,199.444,2.06769,3.1442,2.28347,0.36298,0.22274,0.07511,0.02453,2.26252,4.01225,2.64524,0.007525,0.007525,0.007525
52,202.816,2.03609,2.97172,2.26326,0.49801,0.12087,0.05371,0.01683,2.31563,3.79253,2.70807,0.0074755,0.0074755,0.0074755
53,206.188,2.08608,2.99197,2.25631,0.50223,0.11156,0.16678,0.05378,2.2252,3.08579,2.65986,0.007426,0.007426,0.007426
54,209.567,2.09701,3.11886,2.29267,0.50816,0.0691,0.09458,0.03317,2.22984,3.22783,2.70246,0.0073765,0.0073765,0.0073765
55,212.949,2.06356,2.99495,2.23601,0.50993,0.15891,0.13487,0.04826,2.19555,2.64944,2.64335,0.007327,0.007327,0.007327
56,216.333,2.04928,2.93855,2.24902,0.54426,0.18333,0.10561,0.03115,2.17573,3.06001,2.63291,0.0072775,0.0072775,0.0072775
57,219.75,1.98557,2.9283,2.21846,0.65074,0.09495,0.10866,0.03491,2.14742,3.01742,2.6047,0.007228,0.007228,0.007228
58,223.131,2.00465,2.97683,2.20456,0.49636,0.12812,0.10782,0.03546,2.21255,2.82457,2.54914,0.0071785,0.0071785,0.0071785
59,226.55,2.05244,3.00252,2.24346,0.40789,0.24024,0.07738,0.02799,2.37916,4.55271,2.65962,0.007129,0.007129,0.007129
60,229.957,2.00954,2.90928,2.21725,0.40279,0.27399,0.11647,0.03431,2.26776,4.13269,2.66181,0.0070795,0.0070795,0.0070795
61,233.403,2.01361,2.85241,2.22492,0.41413,0.21507,0.13793,0.0439,2.17977,3.36297,2.57295,0.00703,0.00703,0.00703
62,236.864,1.95024,2.90858,2.20426,0.4269,0.23002,0.14699,0.04935,2.13837,3.84517,2.52789,0.0069805,0.0069805,0.0069805
63,240.291,2.04157,2.90264,2.26489,0.61777,0.18327,0.172,0.05792,2.18977,3.41328,2.56944,0.006931,0.006931,0.006931
64,243.718,1.97712,2.80805,2.20848,0.30448,0.21324,0.14919,0.04764,2.23489,2.72931,2.61014,0.0068815,0.0068815,0.0068815
65,247.167,2.01674,2.90357,2.27292,0.24775,0.19682,0.14392,0.04727,2.25453,2.77424,2.65788,0.006832,0.006832,0.006832
66,250.609,1.98001,2.75625,2.18369,0.26344,0.21834,0.13216,0.04046,2.14111,2.86716,2.61475,0.0067825,0.0067825,0.0067825
67,253.991,1.93768,2.88133,2.17869,0.30224,0.20469,0.13904,0.04298,2.22193,2.77434,2.70496,0.006733,0.006733,0.006733
68,257.374,1.9525,2.78811,2.18749,0.42256,0.13459,0.13173,0.04107,2.25957,2.83287,2.71636,0.0066835,0.0066835,0.0066835
69,260.765,1.96376,2.80535,2.15365,0.58827,0.0822,0.09894,0.03395,2.32765,3.29002,2.77994,0.006634,0.006634,0.006634
70,264.134,1.98226,2.65832,2.1665,0.37826,0.1573,0.09032,0.02965,2.27416,3.69348,2.70258,0.0065845,0.0065845,0.0065845
71,267.494,2.02265,2.77031,2.20193,0.51369,0.06094,0.08202,0.02938,2.2118,3.40247,2.66429,0.006535,0.006535,0.006535
72,270.914,1.96913,2.86943,2.20904,0.52524,0.18907,0.14693,0.05527,2.12483,2.89805,2.56237,0.0064855,0.0064855,0.0064855
73,274.295,2.03091,2.80471,2.2337,0.68398,0.11077,0.1586,0.05376,2.1173,2.96549,2.54337,0.006436,0.006436,0.006436
74,277.91,1.99251,2.75435,2.19211,0.68855,0.11378,0.15121,0.05194,2.08196,2.97774,2.52594,0.0063865,0.0063865,0.0063865
75,281.295,1.94437,2.73564,2.13031,0.46169,0.19849,0.17737,0.06512,2.03193,2.76265,2.47341,0.006337,0.006337,0.006337
76,284.71,1.93812,2.6744,2.15146,0.46315,0.24635,0.19873,0.06765,2.17484,3.01543,2.66302,0.0062875,0.0062875,0.0062875
77,288.107,2.01185,2.67641,2.18133,0.61504,0.20525,0.21401,0.07879,2.05613,2.7835,2.54982,0.006238,0.006238,0.006238
78,291.516,1.91826,2.6206,2.13904,0.48622,0.21496,0.19179,0.07045,2.08515,2.53547,2.51408,0.0061885,0.0061885,0.0061885
79,294.92,1.96835,2.68632,2.16175,0.59219,0.17044,0.18075,0.06731,2.08967,2.76628,2.54498,0.006139,0.006139,0.006139
80,298.337,1.8963,2.55391,2.12098,0.68945,0.14798,0.18057,0.05968,2.10024,3.08974,2.57628,0.0060895,0.0060895,0.0060895
81,301.741,1.94276,2.82372,2.17646,0.50413,0.22338,0.26275,0.08056,2.08695,2.86809,2.54992,0.00604,0.00604,0.00604
82,305.19,1.98479,2.69561,2.18355,0.47188,0.24626,0.2174,0.0897,2.0191,2.59264,2.48039,0.0059905,0.0059905,0.0059905
83,308.639,1.97726,2.67697,2.19577,0.48047,0.19881,0.18264,0.06751,2.09239,2.46564,2.54185,0.005941,0.005941,0.005941
84,312.021,1.89875,2.61711,2.13919,0.61948,0.16702,0.18771,0.07216,2.0524,2.58247,2.48567,0.0058915,0.0058915,0.0058915
85,315.412,1.98432,2.74718,2.16221,0.60333,0.20368,0.23423,0.09155,2.06889,2.61926,2.46997,0.005842,0.005842,0.005842
86,318.834,1.92376,2.70285,2.10903,0.53092,0.25651,0.23203,0.08089,2.09667,2.52711,2.51489,0.0057925,0.0057925,0.0057925
87,322.214,1.99797,2.76141,2.16494,0.46394,0.26107,0.19546,0.06583,2.07046,2.60682,2.49299,0.005743,0.005743,0.005743
88,325.625,1.98212,2.60536,2.15858,0.51207,0.22269,0.24894,0.08748,1.94419,2.45186,2.35597,0.0056935,0.0056935,0.0056935
89,329.011,1.93253,2.62602,2.127,0.57835,0.25069,0.28796,0.11246,1.94302,2.28656,2.31073,0.005644,0.005644,0.005644
90,332.421,1.91398,2.52462,2.08292,0.50569,0.30091,0.23868,0.0883,2.02931,2.41117,2.37888,0.0055945,0.0055945,0.0055945
91,335.805,1.94966,2.58535,2.08985,0.49919,0.28289,0.22152,0.08319,2.01681,2.46159,2.38908,0.005545,0.005545,0.005545
92,339.402,1.90834,2.50123,2.08273,0.58191,0.25509,0.24938,0.0913,2.02393,2.38893,2.39156,0.0054955,0.0054955,0.0054955
93,342.929,1.89297,2.57684,2.08434,0.58208,0.20107,0.23173,0.08052,2.03181,2.78649,2.39731,0.005446,0.005446,0.005446
94,346.475,1.87935,2.67062,2.1184,0.7166,0.1381,0.22074,0.07636,2.02617,3.53288,2.37341,0.0053965,0.0053965,0.0053965
95,350.11,1.911,2.64558,2.08245,0.51072,0.27628,0.23918,0.08653,1.98218,2.43091,2.38637,0.005347,0.005347,0.005347
96,353.964,1.91551,2.50405,2.10127,0.49937,0.22857,0.19388,0.07289,2.05534,2.43187,2.46336,0.0052975,0.0052975,0.0052975
97,357.543,1.8516,2.65719,2.09789,0.46579,0.20215,0.20572,0.07702,2.0469,2.57049,2.46324,0.005248,0.005248,0.005248
98,361.125,1.85119,2.47509,2.07372,0.55941,0.24231,0.27043,0.10985,1.91937,2.26705,2.3209,0.0051985,0.0051985,0.0051985
99,364.788,1.87165,2.56312,2.09395,0.36301,0.21958,0.19871,0.07156,2.0956,2.53779,2.53754,0.005149,0.005149,0.005149
100,368.512,1.85344,2.42172,2.09009,0.45945,0.19382,0.21327,0.07744,1.94151,2.4452,2.40457,0.0050995,0.0050995,0.0050995
101,372.523,1.8251,2.50159,2.06466,0.45447,0.2395,0.2743,0.09982,1.91755,2.2733,2.34932,0.00505,0.00505,0.00505
102,376.277,1.88123,2.52219,2.08134,0.41168,0.26153,0.25725,0.10174,1.93745,2.24322,2.32996,0.0050005,0.0050005,0.0050005
103,379.974,1.79657,2.56669,2.06999,0.57629,0.1974,0.23582,0.08717,1.97479,2.31628,2.37023,0.004951,0.004951,0.004951
104,383.773,1.86902,2.46569,2.07907,0.41798,0.25375,0.21511,0.0805,1.98273,2.37612,2.40692,0.0049015,0.0049015,0.0049015
105,387.483,1.82882,2.4384,2.03981,0.73667,0.13791,0.25669,0.11228,1.86623,2.33131,2.30767,0.004852,0.004852,0.004852
106,391.026,1.83581,2.43855,2.09548,0.5507,0.20864,0.26007,0.10699,1.87,2.3176,2.31614,0.0048025,0.0048025,0.0048025
107,394.485,1.8019,2.4309,2.06982,0.56776,0.24703,0.25798,0.10577,1.85414,2.20394,2.28994,0.004753,0.004753,0.004753
108,397.954,1.91413,2.58221,2.14362,0.51716,0.29163,0.24671,0.1034,1.86113,2.21128,2.29309,0.0047035,0.0047035,0.0047035
109,401.449,1.8426,2.40244,2.06592,0.56735,0.31301,0.3016,0.12342,1.85346,2.04815,2.26189,0.004654,0.004654,0.004654
110,404.955,1.83031,2.45135,2.03109,0.56543,0.26574,0.26919,0.09495,1.9709,2.12474,2.33382,0.0046045,0.0046045,0.0046045
111,408.447,1.84839,2.46714,2.0396,0.57046,0.27465,0.27549,0.11052,1.87715,2.09087,2.3404,0.004555,0.004555,0.004555
112,411.908,1.84321,2.47802,2.04537,0.55979,0.25467,0.27307,0.11151,1.89814,2.40704,2.36833,0.0045055,0.0045055,0.0045055
113,415.546,1.83576,2.37698,2.07324,0.51228,0.28189,0.25507,0.0933,1.9918,2.16158,2.37892,0.004456,0.004456,0.004456
114,418.997,1.80978,2.35959,2.01718,0.63586,0.28393,0.31627,0.12934,1.89647,2.01051,2.29414,0.0044065,0.0044065,0.0044065
115,422.46,1.80352,2.27499,2.03197,0.5806,0.33371,0.31082,0.12876,1.91034,2.15812,2.30227,0.004357,0.004357,0.004357
116,425.948,1.79414,2.33905,2.02398,0.55787,0.32039,0.30473,0.11655,1.8662,2.26087,2.27028,0.0043075,0.0043075,0.0043075
117,429.417,1.85488,2.3178,2.03569,0.59947,0.30361,0.3199,0.12903,1.79322,2.21259,2.26113,0.004258,0.004258,0.004258
118,432.898,1.83965,2.39576,2.07262,0.54573,0.30184,0.2761,0.10831,1.83424,2.54345,2.30851,0.0042085,0.0042085,0.0042085
119,436.396,1.78909,2.47341,2.04016,0.50655,0.30947,0.28553,0.10913,1.81378,2.5805,2.28853,0.004159,0.004159,0.004159
120,439.893,1.78278,2.27775,2.00292,0.52807,0.33921,0.28002,0.10909,1.80879,2.59238,2.26952,0.0041095,0.0041095,0.0041095
121,443.401,1.72461,2.33524,1.99872,0.49014,0.31926,0.28723,0.11073,1.83819,2.52258,2.29045,0.00406,0.00406,0.00406
122,446.856,1.81035,2.36449,2.04336,0.62549,0.2867,0.33126,0.13441,1.83201,2.30889,2.2762,0.0040105,0.0040105,0.0040105
123,450.318,1.75341,2.31965,1.99517,0.6402,0.29637,0.34748,0.14568,1.83124,2.16345,2.25136,0.003961,0.003961,0.003961
124,453.775,1.79802,2.30915,2.01294,0.57693,0.37492,0.37003,0.16119,1.73464,1.90916,2.18358,0.0039115,0.0039115,0.0039115
125,457.231,1.78641,2.27586,2.00689,0.62767,0.30825,0.35619,0.15148,1.79084,1.97293,2.25558,0.003862,0.003862,0.003862
126,460.669,1.80749,2.3183,1.9999,0.59773,0.28648,0.33047,0.14131,1.91102,2.26544,2.33283,0.0038125,0.0038125,0.0038125
127,464.114,1.84825,2.16569,2.00954,0.61818,0.26955,0.34954,0.15583,1.8168,1.98511,2.24055,0.003763,0.003763,0.003763
128,467.586,1.78242,2.19981,1.99883,0.59474,0.37568,0.39573,0.1763,1.7502,1.87487,2.14608,0.0037135,0.0037135,0.0037135
129,471.071,1.73312,2.24965,1.97153,0.59267,0.37888,0.37747,0.15707,1.78092,1.92918,2.14336,0.003664,0.003664,0.003664
130,474.539,1.73517,2.17284,1.92105,0.57217,0.36117,0.36743,0.16694,1.80613,1.84311,2.17873,0.0036145,0.0036145,0.0036145
131,477.988,1.76967,2.20042,1.99357,0.62475,0.34753,0.38129,0.17131,1.7972,1.78376,2.17229,0.003565,0.003565,0.003565
132,481.421,1.77477,2.25272,1.95405,0.59139,0.37936,0.41481,0.19012,1.74985,1.73528,2.12554,0.0035155,0.0035155,0.0035155
133,484.88,1.74599,2.22767,1.96444,0.62299,0.3703,0.41487,0.19703,1.69891,1.82639,2.1,0.003466,0.003466,0.003466
134,488.39,1.71299,2.06942,1.91312,0.65685,0.34645,0.46145,0.2224,1.6964,1.83374,2.10603,0.0034165,0.0034165,0.0034165
135,491.998,1.77609,2.23581,1.96375,0.61824,0.35659,0.46194,0.23777,1.64135,1.86759,2.03697,0.003367,0.003367,0.003367
136,495.456,1.79442,2.24701,1.9935,0.64148,0.34175,0.425,0.21023,1.70016,1.97337,2.09298,0.0033175,0.0033175,0.0033175
137,498.853,1.74795,2.28816,1.94431,0.65825,0.32233,0.42153,0.21093,1.67855,1.77438,2.06341,0.003268,0.003268,0.003268
138,502.269,1.74471,2.20125,1.94611,0.64104,0.34976,0.485,0.23014,1.65851,1.82269,2.05094,0.0032185,0.0032185,0.0032185
139,505.702,1.70625,2.24527,1.93224,0.58265,0.38331,0.48218,0.22529,1.71794,2.08304,2.11873,0.003169,0.003169,0.003169
140,509.16,1.73108,2.2386,1.90433,0.53372,0.37283,0.41141,0.18595,1.82294,2.97955,2.22556,0.0031195,0.0031195,0.0031195
141,512.619,1.66172,2.07911,1.88807,0.58231,0.39599,0.41665,0.18103,1.76019,3.17684,2.1618,0.00307,0.00307,0.00307
142,516.072,1.6828,2.10989,1.90383,0.60029,0.36863,0.41469,0.19589,1.68455,2.2801,2.07609,0.0030205,0.0030205,0.0030205
143,519.483,1.71178,2.09796,1.93349,0.6206,0.37587,0.43577,0.22093,1.62967,1.83267,2.03049,0.002971,0.002971,0.002971
144,522.959,1.7342,2.23234,1.94358,0.65509,0.37046,0.50818,0.2472,1.60404,1.74984,2.01582,0.0029215,0.0029215,0.0029215
145,526.413,1.64496,2.05953,1.88343,0.64097,0.39098,0.44861,0.20942,1.65875,1.77048,2.0415,0.002872,0.002872,0.002872
146,529.857,1.67671,2.09092,1.911,0.61801,0.32478,0.36456,0.15744,1.8066,1.88607,2.18279,0.0028225,0.0028225,0.0028225
147,533.294,1.70281,2.06284,1.94927,0.60294,0.34135,0.36809,0.16845,1.77113,1.77834,2.17511,0.002773,0.002773,0.002773
148,536.751,1.77879,2.22104,1.94882,0.60077,0.35433,0.39517,0.18832,1.67275,1.78395,2.12821,0.0027235,0.0027235,0.0027235
149,540.184,1.66334,2.12987,1.89466,0.65783,0.3699,0.43604,0.2129,1.63518,1.65054,2.06577,0.002674,0.002674,0.002674
150,543.605,1.78388,2.18882,1.95938,0.70304,0.30312,0.43844,0.20847,1.65694,1.69839,2.05979,0.0026245,0.0026245,0.0026245
151,547.001,1.64249,2.15664,1.87907,0.70548,0.34274,0.46614,0.21422,1.62458,1.6106,2.00583,0.002575,0.002575,0.002575
152,550.613,1.6796,2.14269,1.91847,0.64205,0.40682,0.45053,0.21925,1.61273,1.61246,1.99366,0.0025255,0.0025255,0.0025255
153,553.987,1.61713,2.07629,1.87696,0.63868,0.37613,0.44445,0.22263,1.60184,1.64777,2.00609,0.002476,0.002476,0.002476
154,557.364,1.68989,2.20624,1.92154,0.60406,0.38064,0.45313,0.23044,1.68904,1.70938,2.07873,0.0024265,0.0024265,0.0024265
155,560.803,1.69224,2.05458,1.88487,0.59521,0.40217,0.51131,0.27075,1.6966,1.70624,2.06793,0.002377,0.002377,0.002377
156,564.219,1.67643,2.09184,1.90023,0.54447,0.43263,0.51367,0.2775,1.6333,1.6285,2.02262,0.0023275,0.0023275,0.0023275
157,567.655,1.6968,1.97163,1.89645,0.60856,0.39521,0.50419,0.26267,1.5882,1.5791,1.99497,0.002278,0.002278,0.002278
158,571.069,1.6911,1.98433,1.88953,0.73214,0.34795,0.47529,0.24345,1.57224,1.55468,1.98439,0.0022285,0.0022285,0.0022285
159,574.502,1.61947,1.90983,1.81961,0.59151,0.4275,0.45626,0.22859,1.6359,1.57102,2.03302,0.002179,0.002179,0.002179
160,577.888,1.63315,1.96345,1.84487,0.64302,0.41087,0.47148,0.23865,1.59727,1.5167,1.99552,0.0021295,0.0021295,0.0021295
161,581.311,1.68113,2.00317,1.90271,0.67325,0.42182,0.50707,0.27473,1.51359,1.49183,1.93949,0.00208,0.00208,0.00208
162,584.718,1.62098,1.99943,1.85998,0.66575,0.43782,0.57497,0.31192,1.54196,1.5437,1.97517,0.0020305,0.0020305,0.0020305
163,588.18,1.6676,1.99078,1.88496,0.59658,0.4589,0.52683,0.28856,1.56116,1.62979,1.99266,0.001981,0.001981,0.001981
164,591.627,1.61686,1.97614,1.83165,0.68674,0.38887,0.62207,0.32006,1.547,1.67128,1.97235,0.0019315,0.0019315,0.0019315
165,595.084,1.59993,2.01224,1.83169,0.67102,0.42454,0.574,0.3136,1.53212,1.64122,1.96605,0.001882,0.001882,0.001882
166,598.528,1.63653,1.96904,1.86916,0.67276,0.42493,0.57719,0.31178,1.53086,1.58761,1.96746,0.0018325,0.0018325,0.0018325
167,601.941,1.62986,1.92529,1.8292,0.65214,0.4077,0.53601,0.27822,1.60158,1.60177,2.0194,0.001783,0.001783,0.001783
168,605.435,1.5774,1.83908,1.79694,0.65433,0.42605,0.52006,0.27213,1.60576,1.53365,2.02171,0.0017335,0.0017335,0.0017335
169,608.916,1.64545,1.94322,1.86858,0.71444,0.42454,0.57879,0.3084,1.57001,1.44691,1.96208,0.001684,0.001684,0.001684
170,612.317,1.5908,1.90946,1.80607,0.63879,0.44603,0.55328,0.28789,1.58704,1.42062,1.96983,0.0016345,0.0016345,0.0016345
171,615.74,1.59419,1.89019,1.82511,0.71671,0.44952,0.57952,0.30795,1.53613,1.37481,1.93637,0.001585,0.001585,0.001585
172,619.15,1.64143,1.88793,1.86963,0.68181,0.48437,0.57175,0.3134,1.48818,1.33984,1.89488,0.0015355,0.0015355,0.0015355
173,622.593,1.56235,1.85266,1.79478,0.65258,0.4434,0.55154,0.3004,1.48287,1.3829,1.89694,0.001486,0.001486,0.001486
174,626.003,1.58881,1.86019,1.81306,0.62833,0.4539,0.54447,0.29437,1.49386,1.34067,1.90608,0.0014365,0.0014365,0.0014365
175,629.421,1.5592,1.8595,1.75782,0.6475,0.45335,0.53599,0.27711,1.5406,1.31922,1.92103,0.001387,0.001387,0.001387
176,632.818,1.58816,1.96535,1.80937,0.67848,0.43492,0.55776,0.29118,1.54163,1.32427,1.92743,0.0013375,0.0013375,0.0013375
177,636.217,1.51648,1.84558,1.72702,0.70969,0.43626,0.58488,0.3273,1.49269,1.28854,1.88467,0.001288,0.001288,0.001288
178,639.661,1.62416,1.87997,1.8618,0.70124,0.466,0.63784,0.37914,1.43142,1.28368,1.84632,0.0012385,0.0012385,0.0012385
179,643.092,1.55957,1.76198,1.76847,0.59278,0.55489,0.64163,0.37371,1.40993,1.29651,1.84344,0.001189,0.001189,0.001189
180,646.497,1.57122,1.77396,1.77206,0.70136,0.46295,0.63747,0.35846,1.44654,1.30157,1.86958,0.0011395,0.0011395,0.0011395
181,649.96,1.54725,1.85043,1.77412,0.70772,0.48027,0.63686,0.35392,1.47664,1.29258,1.89471,0.00109,0.00109,0.00109
182,653.421,1.60525,1.82471,1.84658,0.69306,0.51025,0.63343,0.35683,1.46715,1.29822,1.89529,0.0010405,0.0010405,0.0010405
183,656.829,1.60638,1.82814,1.83937,0.69078,0.49151,0.63335,0.35913,1.45174,1.31169,1.87688,0.000991,0.000991,0.000991
184,660.276,1.5647,1.78151,1.80268,0.70399,0.45229,0.62944,0.34628,1.46119,1.33791,1.87642,0.0009415,0.0009415,0.0009415
185,663.688,1.5999,1.8719,1.80759,0.70374,0.4757,0.63672,0.34115,1.4665,1.32406,1.88246,0.000892,0.000892,0.000892
186,667.122,1.50546,1.7609,1.76635,0.68369,0.47934,0.64983,0.34831,1.4342,1.30171,1.86968,0.0008425,0.0008425,0.0008425
187,670.555,1.58158,1.83302,1.80646,0.69786,0.49295,0.66207,0.37146,1.40374,1.28946,1.85109,0.000793,0.000793,0.000793
188,674.004,1.60425,1.89538,1.81676,0.72502,0.47582,0.6608,0.38075,1.38207,1.27072,1.83107,0.0007435,0.0007435,0.0007435
189,677.431,1.58624,1.86945,1.79264,0.66011,0.53172,0.65649,0.37729,1.38433,1.26516,1.83219,0.000694,0.000694,0.000694
190,680.856,1.55664,1.81787,1.83903,0.6647,0.53024,0.65622,0.37685,1.41016,1.28449,1.85271,0.0006445,0.0006445,0.0006445
191,708.439,1.52562,1.81841,1.94099,0.69626,0.48376,0.66179,0.37857,1.41206,1.30152,1.85431,0.000595,0.000595,0.000595
192,711.859,1.53082,1.6925,1.94307,0.69546,0.49076,0.66572,0.37573,1.40768,1.32558,1.8468,0.0005455,0.0005455,0.0005455
193,715.272,1.50376,1.6402,1.93398,0.6438,0.50337,0.67406,0.38472,1.38737,1.3285,1.83456,0.000496,0.000496,0.000496
194,718.662,1.45837,1.57924,1.86976,0.66555,0.51105,0.69755,0.4124,1.39001,1.317,1.82602,0.0004465,0.0004465,0.0004465
195,722.06,1.43365,1.56049,1.87304,0.68009,0.50349,0.70369,0.42252,1.39167,1.30468,1.82264,0.000397,0.000397,0.000397
196,725.476,1.44742,1.43495,1.86527,0.67759,0.49014,0.70669,0.42035,1.38464,1.28598,1.82147,0.0003475,0.0003475,0.0003475
197,728.873,1.48156,1.48771,1.88189,0.65469,0.52733,0.72325,0.42988,1.3669,1.26854,1.8163,0.000298,0.000298,0.000298
198,732.277,1.41539,1.42746,1.8754,0.675,0.52354,0.72879,0.43607,1.34975,1.24315,1.80652,0.0002485,0.0002485,0.0002485
199,735.619,1.45202,1.46218,1.86954,0.65283,0.53475,0.69442,0.42214,1.32982,1.2254,1.79463,0.000199,0.000199,0.000199
200,738.981,1.47105,1.48741,1.89244,0.66503,0.52853,0.69385,0.42432,1.31622,1.21534,1.78348,0.0001495,0.0001495,0.0001495
